{
  "data": [
    {
      "key": "T184",
      "value": "18.1",
      "ts": "2005-12-07 20:46:49.621463-03:00"
    },
    {
      "key": "I280",
      "value": "29.6",
      "ts": "2108-06-27 01:08:34.659387-01:00"
    },
    {
      "key": "W152",
      "value": "22.8",
      "ts": "2136-10-19 10:59:41.885462-03:00"
    },
    {
      "key": "M806",
      "value": "27.8",
      "ts": "2070-11-12 06:11:52.157562-00:00"
    },
    {
      "key": "E639",
      "value": "21.2",
      "ts": "2034-04-23 09:03:43.460855+04:00"
    },
    {
      "key": "P140",
      "value": "23.3",
      "ts": "2240-11-18 13:11:36.753010+09:00"
    },
    {
      "key": "F344",
      "value": "18.7",
      "ts": "2029-09-01 15:39:29.977158-06:00"
    },
    {
      "key": "Q401",
      "value": "16.6",
      "ts": "2177-03-17 11:35:33.117484-11:00"
    },
    {
      "key": "K922",
      "value": "23.1",
      "ts": "2108-09-03 21:25:41.283864+01:00"
    }
  ]
}